{
	"info": {
		"_postman_id": "3cf65b4b-bf1b-4711-b97e-ac2289f25bf9",
		"name": "QLH",
		"schema": "https://schema.getpostman.com/json/collection/v2.1.0/collection.json"
	},
	"item": [
		{
			"name": "Order",
			"request": {
				"method": "POST",
				"header": [
					{
						"key": "Content-Type",
						"name": "Content-Type",
						"value": "application/json",
						"type": "text"
					}
				],
				"body": {
					"mode": "raw",
					"raw": "{\n\t\"user\": \"{{USER}}\",\n\t\"order\": \"comma, separated, values, use+plus+for+multiple+orders+per+day\"\n}"
				},
				"url": {
					"raw": "https://{{BASE_URL}}/postOrder",
					"protocol": "https",
					"host": [
						"{{BASE_URL}}"
					],
					"path": [
						"postOrder"
					]
				}
			},
			"response": []
		},
		{
			"name": "Order for User",
			"request": {
				"method": "DELETE",
				"header": [],
				"body": {},
				"url": {
					"raw": "https://{{BASE_URL}}/deleteUserOrder?user={{USER}}",
					"protocol": "https",
					"host": [
						"{{BASE_URL}}"
					],
					"path": [
						"deleteUserOrder"
					],
					"query": [
						{
							"key": "user",
							"value": "{{USER}}"
						}
					]
				}
			},
			"response": []
		},
		{
			"name": "Latest Orders for User",
			"request": {
				"method": "GET",
				"header": [],
				"body": {
					"mode": "raw",
					"raw": ""
				},
				"url": {
					"raw": "https://{{BASE_URL}}/getUserOrders/?user={{USER}}",
					"protocol": "https",
					"host": [
						"{{BASE_URL}}"
					],
					"path": [
						"getUserOrders",
						""
					],
					"query": [
						{
							"key": "user",
							"value": "{{USER}}"
						}
					]
				}
			},
			"response": []
		},
		{
			"name": "Total for User",
			"request": {
				"method": "GET",
				"header": [],
				"body": {
					"mode": "raw",
					"raw": ""
				},
				"url": {
					"raw": "https://{{BASE_URL}}/getUserTotal/?user={{USER}}",
					"protocol": "https",
					"host": [
						"{{BASE_URL}}"
					],
					"path": [
						"getUserTotal",
						""
					],
					"query": [
						{
							"key": "user",
							"value": "{{USER}}"
						}
					]
				}
			},
			"response": []
		},
		{
			"name": "Today Order for User",
			"request": {
				"method": "GET",
				"header": [],
				"body": {
					"mode": "raw",
					"raw": ""
				},
				"url": {
					"raw": "https://{{BASE_URL}}/getUserToday/?user={{USER}}",
					"protocol": "https",
					"host": [
						"{{BASE_URL}}"
					],
					"path": [
						"getUserToday",
						""
					],
					"query": [
						{
							"key": "user",
							"value": "{{USER}}"
						}
					]
				}
			},
			"response": []
		},
		{
			"name": "Latest Orders Total",
			"request": {
				"method": "GET",
				"header": [],
				"body": {
					"mode": "raw",
					"raw": ""
				},
				"url": {
					"raw": "https://{{BASE_URL}}/getLatestOrdersTotal",
					"protocol": "https",
					"host": [
						"{{BASE_URL}}"
					],
					"path": [
						"getLatestOrdersTotal"
					]
				}
			},
			"response": []
		},
		{
			"name": "Latest Orders",
			"request": {
				"method": "GET",
				"header": [],
				"body": {
					"mode": "raw",
					"raw": ""
				},
				"url": {
					"raw": "https://{{BASE_URL}}/getLatestOrders",
					"protocol": "https",
					"host": [
						"{{BASE_URL}}"
					],
					"path": [
						"getLatestOrders"
					]
				}
			},
			"response": []
		},
		{
			"name": "Pay Order for User",
			"request": {
				"method": "POST",
				"header": [],
				"body": {
					"mode": "raw",
					"raw": ""
				},
				"url": {
					"raw": "https://{{BASE_URL}}/payUserOrder/?user={{USER}}",
					"protocol": "https",
					"host": [
						"{{BASE_URL}}"
					],
					"path": [
						"payUserOrder",
						""
					],
					"query": [
						{
							"key": "user",
							"value": "{{USER}}"
						}
					]
				}
			},
			"response": []
		},
		{
			"name": "Total for User Assistant",
			"request": {
				"method": "GET",
				"header": [],
				"body": {
					"mode": "raw",
					"raw": ""
				},
				"url": {
					"raw": "https://{{BASE_URL}}/getUserTotalForAssistant/?user={{USER}}",
					"protocol": "https",
					"host": [
						"{{BASE_URL}}"
					],
					"path": [
						"getUserTotalForAssistant",
						""
					],
					"query": [
						{
							"key": "user",
							"value": "{{USER}}"
						}
					]
				}
			},
			"response": []
		},
		{
			"name": "Today Order for User Assistant",
			"request": {
				"method": "GET",
				"header": [],
				"body": {
					"mode": "raw",
					"raw": ""
				},
				"url": {
					"raw": "https://{{BASE_URL}}/getUserTodayForAssistant/?user={{USER}}",
					"protocol": "https",
					"host": [
						"{{BASE_URL}}"
					],
					"path": [
						"getUserTodayForAssistant",
						""
					],
					"query": [
						{
							"key": "user",
							"value": "{{USER}}"
						}
					]
				}
			},
			"response": []
		}
	]
}